-- Regiones
INSERT INTO regiones (id_region, nombre) VALUES
(1, 'Arica y Parinacota'),
(2, 'Tarapacá'),
(3, 'Antofagasta'),
(4, 'Atacama'),
(5, 'Coquimbo'),
(6, 'Valparaíso'),
(7, 'Región del Libertador Gral. Bernardo O''Higgins'),
(8, 'Región del Maule'),
(9, 'Región de Ñuble'),
(10, 'Región del Biobío'),
(11, 'Región de la Araucanía'),
(12, 'Región de los Ríos'),
(13, 'Región de los Lagos'),
(14, 'Región Aisén del Gral. Carlos Ibañez del Campo'),
(15, 'Región de Magallanes y de la Antártica Chilena'),
(16, 'Región Metropolitana de Santiago');

-- Provincias
INSERT INTO provincias (id_provincia, region_id, nombre) VALUES
(1, 1, 'Arica'),
(2, 1, 'Parinacota'),
(3, 2, 'Iquique'),
(4, 2, 'Tamarugal'),
(5, 3, 'Antofagasta'),
(6, 3, 'El Loa'),
(7, 3, 'Tocopilla'),
(8, 4, 'Copiapó'),
(9, 4, 'Chañaral'),
(10, 4, 'Huasco'),
(11, 5, 'Elqui'),
(12, 5, 'Choapa'),
(13, 5, 'Limarí'),
(14, 6, 'Valparaíso'),
(15, 6, 'Isla de Pascua'),
(16, 6, 'Los Andes'),
(17, 6, 'Petorca'),
(18, 6, 'Quillota'),
(19, 6, 'San Antonio'),
(20, 6, 'San Felipe de Aconcagua'),
(21, 6, 'Marga Marga'),
(22, 7, 'Cachapoal'),
(23, 7, 'Cardenal Caro'),
(24, 7, 'Colchagua'),
(25, 8, 'Talca'),
(26, 8, 'Cauquenes'),
(27, 8, 'Curicó'),
(28, 8, 'Linares'),
(29, 9, 'Diguillín'),
(30, 9, 'Itata'),
(31, 9, 'Punilla'),
(32, 10, 'Concepción'),
(33, 10, 'Arauco'),
(34, 10, 'Biobío'),
(35, 11, 'Cautín'),
(36, 11, 'Malleco'),
(37, 12, 'Valdivia'),
(38, 12, 'Ranco'),
(39, 13, 'Llanquihue'),
(40, 13, 'Chiloé'),
(41, 13, 'Osorno'),
(42, 13, 'Palena'),
(43, 14, 'Coyhaique'),
(44, 14, 'Aisén'),
(45, 14, 'Capitán Pratt'),
(46, 14, 'General Carrera'),
(47, 15, 'Magallanes'),
(48, 15, 'Antártica Chilena'),
(49, 15, 'Tierra del Fuego'),
(50, 15, 'Última Esperanza'),
(51, 16, 'Santiago'),
(52, 16, 'Cordillera'),
(53, 16, 'Chacabuco'),
(54, 16, 'Maipo'),
(55, 16, 'Mellipilla'),
(56, 16, 'Talagante');

-- Comunas
INSERT INTO comunas (id_comuna, provincia_id, nombre) VALUES
(1, 1, 'Arica'),
(2, 1, 'Camarones'),
(3, 2, 'Putre'),
(4, 2, 'General Lagos'),
(5, 3, 'Iquique'),
(6, 3, 'Alto Hospicio'),
(7, 4, 'Pozo Almonte'),
(8, 4, 'Camiña'),
(9, 4, 'Colchane'),
(10, 4, 'Huara'),
(11, 4, 'Pica'),
(12, 5, 'Antofagasta'),
(13, 5, 'Mejillones'),
(14, 5, 'Sierra Gorda'),
(15, 5, 'Taltal'),
(16, 6, 'Calama'),
(17, 6, 'Ollagüe'),
(18, 6, 'San Pedro de Atacama'),
(19, 7, 'Tocopilla'),
(20, 7, 'María Elena'),
(21, 8, 'Copiapó'),
(22, 8, 'Caldera'),
(23, 8, 'Tierra Amarilla'),
(24, 9, 'Chañaral'),
(25, 9, 'Diego de Almagro'),
(26, 10, 'Vallenar'),
(27, 10, 'Alto del Carmen'),
(28, 10, 'Freirina'),
(29, 10, 'Huasco'),
(30, 11, 'La Serena'),
(31, 11, 'Coquimbo'),
(32, 11, 'Andacollo'),
(33, 11, 'La Higuera'),
(34, 11, 'Paiguano'),
(35, 11, 'Vicuña'),
(36, 12, 'Illapel'),
(37, 12, 'Canela'),
(38, 12, 'Los Vilos'),
(39, 12, 'Salamanca'),
(40, 13, 'Ovalle'),
(41, 13, 'Combarbalá'),
(42, 13, 'Monte Patria'),
(43, 13, 'Punitaqui'),
(44, 13, 'Río Hurtado'),
(45, 14, 'Valparaíso'),
(46, 14, 'Casablanca'),
(47, 14, 'Concón'),
(48, 14, 'Juan Fernández'),
(49, 14, 'Puchuncaví'),
(50, 14, 'Quintero'),
(51, 14, 'Viña del Mar'),
(52, 15, 'Isla de Pascua'),
(53, 16, 'Los Andes'),
(54, 16, 'Calle Larga'),
(55, 16, 'Riconada'),
(56, 16, 'San Esteban'),
(57, 17, 'La Ligua'),
(58, 17, 'Cabildo'),
(59, 17, 'Papudo'),
(60, 17, 'Petorca'),
(61, 17, 'Zapallar'),
(62, 18, 'Quillota'),
(63, 18, 'La Calera'),
(64, 18, 'Hijuelas'),
(65, 18, 'La Cruz'),
(66, 18, 'Nogales'),
(67, 19, 'San Antonio'),
(68, 19, 'Algarrobo'),
(69, 19, 'Cartagena'),
(70, 19, 'El Quisco'),
(71, 19, 'El Tabo'),
(72, 19, 'Santo Domingo'),
(73, 20, 'San Felipe'),
(74, 20, 'Catemu'),
(75, 20, 'Llaillay'),
(76, 20, 'Panquehue'),
(77, 20, 'Putaendo'),
(78, 20, 'Santa María'),
(79, 21, 'Quilpué'),
(80, 21, 'Limache'),
(81, 21, 'Olmué'),
(82, 21, 'Villa Alemana'),
(83, 22, 'Rancagua'),
(84, 22, 'Codegua'),
(85, 22, 'Coinco'),
(86, 22, 'Coltauco'),
(87, 22, 'Doñihue'),
(88, 22, 'Graneros'),
(89, 22, 'Las Cabras'),
(90, 22, 'Machalí'),
(91, 22, 'Malloa'),
(92, 22, 'Mostazal'),
(93, 22, 'Olivar'),
(94, 22, 'Peumo'),
(95, 22, 'Pichidegua'),
(96, 22, 'Quinta de Tilcoco'),
(97, 22, 'Rengo'),
(98, 22, 'Requínoa'),
(99, 22, 'San Vicente'),
(100, 23, 'Pichilemu'),
(101, 23, 'La Estrella'),
(102, 23, 'Litueche'),
(103, 23, 'Marichihue'),
(104, 23, 'Navidad'),
(105, 23, 'Paredones'),
(106, 24, 'San Fernando'),
(107, 24, 'Chépica'),
(108, 24, 'Chimbarongo'),
(109, 24, 'Lolol'),
(110, 24, 'Nancagua'),
(111, 24, 'Palmilla'),
(112, 24, 'Peralillo'),
(113, 24, 'Placilla'),
(114, 24, 'Pumanque'),
(115, 24, 'Santa Cruz'),
(116, 25, 'Talca'),
(117, 25, 'Constitución'),
(118, 25, 'Curepto'),
(119, 25, 'Empedrado'),
(120, 25, 'Maule'),
(121, 25, 'Pelarco'),
(122, 25, 'Pencahue'),
(123, 25, 'Río Claro'),
(124, 25, 'San Clemente'),
(125, 25, 'San Rafael'),
(126, 26, 'Cauquenes'),
(127, 26, 'Chanco'),
(128, 26, 'Pelluhue'),
(129, 27, 'Curicó'),
(130, 27, 'Hualañé'),
(131, 27, 'Licantén'),
(132, 27, 'Molina'),
(133, 27, 'Rauco'),
(134, 27, 'Romeral'),
(135, 27, 'Sagrada Familia'),
(136, 27, 'Teno'),
(137, 27, 'Vichuquén'),
(138, 28, 'Linares'),
(139, 28, 'Colbún'),
(140, 28, 'Longaví'),
(141, 28, 'Parral'),
(142, 28, 'Retiro'),
(143, 28, 'San Javier'),
(144, 28, 'Villa Alegre'),
(145, 28, 'Yerbas Buenas'),
(146, 29, 'Chillán'),
(147, 29, 'Chillán Viejo'),
(148, 29, 'Quillón'),
(149, 29, 'Bulnes'),
(150, 29, 'San Ignacio'),
(151, 29, 'El Carmen'),
(152, 29, 'Pinto'),
(153, 29, 'Pemuco'),
(154, 29, 'Yungay'),
(155, 30, 'Quirihue'),
(156, 30, 'Cobquecura'),
(157, 30, 'Ninhue'),
(158, 30, 'Treguaco'),
(159, 30, 'Coelemu'),
(160, 30, 'Portezuelo'),
(161, 30, 'Ránqui'),
(162, 31, 'San Carlos'),
(163, 31, 'Ñiquén'),
(164, 31, 'Coihueco'),
(165, 31, 'San Fabián'),
(166, 31, 'San Nico'),
(167, 32, 'Concepción'),
(168, 32, 'Coronel'),
(169, 32, 'Chiguayante'),
(170, 32, 'Florida'),
(171, 32, 'Hualqui'),
(172, 32, 'Lota'),
(173, 32, 'Penco'),
(174, 32, 'San Pedro de la Paz'),
(175, 32, 'Santa Juana'),
(176, 32, 'Talcahuano'),
(177, 32, 'Tomé'),
(178, 32, 'Hualpén'),
(179, 33, 'Lebu'),
(180, 33, 'Arauco'),
(181, 33, 'Cañete'),
(182, 33, 'Contulmo'),
(183, 33, 'Curanilahue'),
(184, 33, 'Los Álamos'),
(185, 33, 'Tirúa'),
(186, 34, 'Los Ángeles'),
(187, 34, 'Antuco'),
(188, 34, 'Cabrero'),
(189, 34, 'Laja'),
(190, 34, 'Mulchén'),
(191, 34, 'Nacimiento'),
(192, 34, 'Negrete'),
(193, 34, 'Quilaco'),
(194, 34, 'Quilleco'),
(195, 34, 'San Rosendo'),
(196, 34, 'Santa Bárbara'),
(197, 34, 'Tucapel'),
(198, 34, 'Yumbel'),
(199, 34, 'Alto Biobío'),
(200, 35, 'Temuco'),
(201, 35, 'Carahue'),
(202, 35, 'Cunco'),
(203, 35, 'Curarrehue'),
(204, 35, 'Freire'),
(205, 35, 'Galvarino'),
(206, 35, 'Gorbea'),
(207, 35, 'Lautaro'),
(208, 35, 'Loncoche'),
(209, 35, 'Melipeuco'),
(210, 35, 'Nueva Imperial'),
(211, 35, 'Padre Las Casas'),
(212, 35, 'Perquenco'),
(213, 35, 'Pitrufquén'),
(214, 35, 'Pucón'),
(215, 35, 'Saavedra'),
(216, 35, 'Teodoro Schmidt'),
(217, 35, 'Toltén'),
(218, 35, 'Vilcún'),
(219, 35, 'Villarrica'),
(220, 35, 'Cholchol'),
(221, 36, 'Angol'),
(222, 36, 'Collipulli'),
(223, 36, 'Curacautín'),
(224, 36, 'Ercilla'),
(225, 36, 'Lonquimay'),
(226, 36, 'Los Sauces'),
(227, 36, 'Lumaco'),
(228, 36, 'Purén'),
(229, 36, 'Renaico'),
(230, 36, 'Traiguén'),
(231, 36, 'Victoria'),
(232, 37, 'Valdivia'),
(233, 37, 'Corral'),
(234, 37, 'Lanco'),
(235, 37, 'Los Lagos'),
(236, 37, 'Máfil'),
(237, 37, 'Mariquina'),
(238, 37, 'Paillaco'),
(239, 37, 'Panguipulli'),
(240, 38, 'La Unión'),
(241, 38, 'Futrono'),
(242, 38, 'Lago Ranco'),
(243, 38, 'Río Bueno'),
(244, 39, 'Puerto Montt'),
(245, 39, 'Calbuco'),
(246, 39, 'Cochamó'),
(247, 39, 'Fresia'),
(248, 39, 'Frutillar'),
(249, 39, 'Los Muermos'),
(250, 39, 'Llanquihue'),
(251, 39, 'Maullín'),
(252, 39, 'Puerto Varas'),
(253, 40, 'Castro'),
(254, 40, 'Ancud'),
(255, 40, 'Chonchi'),
(256, 40, 'Curaco de Vélez'),
(257, 40, 'Dalcahue'),
(258, 40, 'Puqueldón'),
(259, 40, 'Queilén'),
(260, 40, 'Quellón'),
(261, 40, 'Quemchi'),
(262, 40, 'Quinchao'),
(263, 41, 'Osorno'),
(264, 41, 'Puerto Octay'),
(265, 41, 'Purranque'),
(266, 41, 'Puyehue'),
(267, 41, 'Río Negro'),
(268, 41, 'San Juan de la Costa'),
(269, 41, 'San Pablo'),
(270, 42, 'Chaitén'),
(271, 42, 'Futaleufú'),
(272, 42, 'Hualaihué'),
(273, 42, 'Palena'),
(274, 43, 'Coihaique'),
(275, 43, 'Lago Verde'),
(276, 44, 'Aisén'),
(277, 44, 'Cisnes'),
(278, 44, 'Guaitecas'),
(279, 45, 'Cochrane'),
(280, 45, 'O''Higgins'),
(281, 45, 'Tortel'),
(282, 46, 'Chile Chico'),
(283, 46, 'Río Ibáñez'),
(284, 47, 'Punta Arenas'),
(285, 47, 'Laguna Blanca'),
(286, 47, 'Río Verde'),
(287, 47, 'San Gregorio'),
(288, 48, 'Cabo de Hornos'),
(289, 48, 'Antártica'),
(290, 49, 'Porvenir'),
(291, 49, 'Primavera'),
(292, 49, 'Timaukel'),
(293, 50, 'Natales'),
(294, 50, 'Torres del Paine'),
(295, 51, 'Santiago'),
(296, 51, 'Cerrillos'),
(297, 51, 'Cerro Navia'),
(298, 51, 'Conchalí'),
(299, 51, 'El Bosque'),
(300, 51, 'Estación Central'),
(301, 51, 'Huechuraba'),
(302, 51, 'Independencia'),
(303, 51, 'La Cisterna'),
(304, 51, 'La Florida'),
(305, 51, 'La Granja'),
(306, 51, 'La Pintana'),
(307, 51, 'La Reina'),
(308, 51, 'Las Condes'),
(309, 51, 'Lo Barnechea'),
(310, 51, 'Lo Espejo'),
(311, 51, 'Lo Prado'),
(312, 51, 'Macul'),
(313, 51, 'Maipú'),
(314, 51, 'Ñuñoa'),
(315, 51, 'Pedro Aguirre Cerda'),
(316, 51, 'Peñalolén'),
(317, 51, 'Providencia'),
(318, 51, 'Pudahuel'),
(319, 51, 'Quilicura'),
(320, 51, 'Quinta Normal'),
(321, 51, 'Recoleta'),
(322, 51, 'Renca'),
(323, 51, 'San Joaquín'),
(324, 51, 'San Miguel'),
(325, 51, 'San Ramón'),
(326, 51, 'Vitacura'),
(327, 52, 'Puente Alto'),
(328, 52, 'Pirque'),
(329, 52, 'San José de Maipo'),
(330, 53, 'Colina'),
(331, 53, 'Lampa'),
(332, 53, 'Tiltil'),
(333, 54, 'San Bernardo'),
(334, 54, 'Buin'),
(335, 54, 'Calera de Tango'),
(336, 54, 'Paine'),
(337, 55, 'Melipilla'),
(338, 55, 'Alhué'),
(339, 55, 'Curacaví'),
(340, 55, 'María Pinto'),
(341, 55, 'San Pedro'),
(342, 56, 'Talagante'),
(343, 56, 'El Monte'),
(344, 56, 'Isla de Maipo'),
(345, 56, 'Padre Hurtado'),
(346, 56, 'Peñaflor');
